name	cas	formula	physical_state	hazard_codes	size	amount	unit	container_type	concentration	concentration_units	zone	storage_unit	sublocation	synonyms	notes
Methanol	67-56-1	CH4O	Liquid	H225,H301,H311,H331,H370,H372	1	1	L	Plastic Bottle			right-lower	north_cabinet		methyl alcohol|wood alcohol|MeOH	Flammable and toxic. Handle in fume hood.
Toluidine Blue O	92-31-9	C15H16ClN3S	Solid		5	5	g	Can			right-lower	north_cabinet		toluidine blue|TBO	Histological stain.
Tris base	77-86-1	C4H11NO3	Solid	H315,H319,H335	500	500	g	Can			right-lower	north_cabinet		tris|tromethamine|THAM|trizma	Common buffer component. Irritant.
Bromophenol Blue	115-39-9	C19H10Br4O5S	Solid		50	50	g	Can			right-lower	north_cabinet		BPB|bromophenol blue sodium salt	pH indicator and gel loading dye component.
Benzoyl peroxide	94-36-0	C14H10O4	Solid	H241,H317,H319,H400,H410	5	5	g	Plastic Bottle			right-lower	north_cabinet		dibenzoyl peroxide|BPO	Organic peroxide — flammable and oxidizing. Handle carefully.
2-Mercaptoethanol	60-24-2	C2H6OS	Liquid	H227,H301,H310,H315,H317,H318,H331,H373,H400,H361,H411	25	25	mL	Glass Bottle			right-lower	north_cabinet		beta-mercaptoethanol|BME|2-ME	Highly toxic and malodorous. Use only in fume hood.
Bicinchoninic acid disodium salt	979-88-4	C20H10N2Na2O4	Liquid	H315,H319,H335	500	500	mL	Plastic Bottle			right-lower	north_cabinet		BCA|bicinchoninic acid|BCA protein assay reagent	Used in BCA protein concentration assay.
Agarose	9012-36-6		Solid		200	200	g	Can			right-lower	north_cabinet		agarose powder|gel agarose	Used for gel electrophoresis.
DL-Lactic acid	50-21-5	C3H6O3	Liquid	H315,H318	100	100	mL	Glass Bottle			right-lower	north_cabinet		lactic acid|2-hydroxypropanoic acid	Irritant and corrosive to eyes.
beta-Estradiol	50-28-2	C18H24O2	Solid	H351,H360,H362	10	10	g	Plastic Bottle			right-lower	north_cabinet		17-beta-estradiol|estradiol|E2	Reproductive toxin. Handle with care.
L-Ascorbic acid	50-81-7	C6H8O6	Solid		100	100	g	Can			right-lower	north_cabinet		vitamin C|ascorbic acid|L-ascorbate
Tris hydrochloride	1185-53-1	C4H12ClNO3	Solid		500	500	g	Can			right-lower	north_cabinet		tris HCl|tris-HCl|tris hydrochloride	Common buffer component, acidic form.
Tetrasodium EDTA	64-02-8	C10H12N2Na4O8	Solid	H302,H318	500	500	g	Can			right-lower	north_cabinet		EDTA|ethylenediaminetetraacetic acid|EDTA tetrasodium salt	Chelating agent. Eye irritant.
Alginic acid	9005-32-7		Solid		100	100	g	Can			right-lower	north_cabinet		algin|alginate|alginic acid powder	Derived from seaweed. Used in bioencapsulation.
Glycerin	56-81-5	C3H8O3	Liquid	H402	1	1	L	Glass Bottle			right-lower	north_cabinet		glycerol|glycerine|1,2,3-propanetriol	Common cryoprotectant and buffer additive.
Dimethyl sulfoxide	67-68-5	C2H6OS	Liquid	H227	100	100	mL	Glass Bottle			right-lower	north_cabinet		DMSO|methyl sulfoxide	Penetrating solvent. Use gloves — carries solutes through skin.
Gelatin	9000-70-8		Solid		100	100	g	Can			right-lower	north_cabinet		gelatin powder|porcine gelatin
Methyl Orange - Xylene Cyanol FF	2650-17-1	 	Solid	H315,H319,H335	25	25	g	Can			right-lower	north_cabinet		methyl orange|xylene cyanol|loading dye components	Gel loading dye components.
Triton X-100	9002-93-1		Liquid	H302,H315,H318,H410	100	100	mL	Can			right-lower	north_cabinet		octyl phenol ethoxylate|polyethylene glycol octylphenyl ether|TX-100	Non-ionic detergent. Irritant and aquatic hazard.
Boric acid	10043-35-3	H3BO3	Solid	H360,H402	500	500	g	Can			right-lower	north_cabinet		orthoboric acid|boracic acid	Reproductive toxin. Used in TBE buffer.
Glacial Acetic Acid	64-19-7	C2H4O2	Liquid	H226,H318,H314	5000	5000	mL	Plastic Bottle			right-lower	north_cabinet		acetic acid|ethanoic acid|HAc	Corrosive. Handle in fume hood. Used in TAE buffer.
Sodium bicarbonate	144-55-8	CHNaO3	Solid		500	500	g	Can			right-lower	north_cabinet		baking soda|sodium hydrogen carbonate|NaHCO3
Potassium phosphate dibasic	7758-11-4	HK2O4P	Solid		500	500	g	Can			right-lower	north_cabinet		dipotassium phosphate|K2HPO4|DKP	Buffer component.
Potassium chloride	7447-40-7	KCl	Solid		500	500	g	Can			right-lower	north_cabinet		KCl|potassium chloride powder
Phosphate buffered saline solution	7732-18-5		Solid	H303,H316,H319	100	100	g	Can			right-lower	north_cabinet		PBS|phosphate buffered saline
Caffeine	58-08-2	C8H10N4O2	Solid	H302,H402	10	10	g	Glass Bottle			right-lower	north_cabinet		1,3,7-trimethylxanthine|trimethylxanthine
Ethanol	64-17-5	C2H6O	Liquid	H225,H319	10	10	gal	Can			chemical_hood	flammable_cabinet		200 proof ethanol|190 proof ethanol|ethyl alcohol|EtOH|denatured ethanol	High-proof ethanol for diluting to 70% for spray bottles. Flammable — store in flammable cabinet only.
SYBR Safe DNA gel stain	67-68-5		Liquid	H227	1	1	L	Plastic Bottle					SYBR safe|nucleic acid stain|gel stain	Benchtop gel stain. Location variable — check bench area.
N,N,N',N'-Tetramethylethylenediamine	110-18-9	C6H16N2	Liquid	H225,H302,H318,H331,H314,H402	5	5	mL	Plastic Bottle			top_clear_zone	main_fridge		TEMED|tetramethylethylenediamine	Stored in fridge. Used for acrylamide gel polymerization. Flammable and toxic.
Vinyl bromide in ethyl acetate	 		Liquid		100	80	mL	Plastic Bottle	14	% wt.	top_clear_zone	main_fridge		vinyl bromide|bromoethylene	Stored in fridge. Mutagen — handle in fume hood.
Ethylene glycol	107-21-1	C2H6O2	Liquid	H302,H373	200	200	mL	Glass Bottle					1,2-ethanediol|EG	Location unspecified in institutional record.
Diethylamine	109-89-7	C4H11N	Liquid	H225,H302,H311,H314,H318,H332,H335,H401	250	250	mL	Glass Bottle					DEA|N,N-diethylamine	Corrosive and flammable. Location unspecified.
Sodium dodecyl sulfate	151-21-3	C12H25NaO4S	Solid	H302,H315,H318,H335,H401,H412,H228	100	100	g	Plastic Bottle					SDS|sodium lauryl sulfate|lauryl sulfate	Location unspecified in institutional record.
Fluoromount-G	56-81-5		Liquid	H303	25	25	mL	Glass Bottle					fluoromount|aqueous mounting medium	Location unspecified. Two containers in inventory.
Agar	9002-18-0	C14H24O9	Solid		500	500	g	Plastic Bottle					agar powder|bacteriological agar	Location unspecified in institutional record.
Barium chloride	10361-37-2	BaCl2	Solid	H301,H319,H332	5	5	g	Plastic Bottle					BaCl2|barium dichloride	Toxic. Location unspecified.
Bisphenol A	80-05-7	C15H16O2	Solid	H303,H317,H318,H335,H361,H401,H411	500	500	g	Plastic Bottle					BPA|2,2-bis(4-hydroxyphenyl)propane	Reproductive toxin and sensitizer. Location unspecified.
Ammonium chloride	12125-02-9	ClH4N	Solid	H302,H319,H401,H411	500	500	g	Plastic Bottle					NH4Cl|ammonium chloride powder	Location unspecified.
Oil Red O	1320-06-5	C26H24N4O	Liquid		250	250	g	Glass Bottle					oil red|fat stain	Location unspecified.
Alginic acid sodium salt	9005-38-3		Solid		100	100	g	Plastic Bottle					sodium alginate|alginic acid Na salt	Location unspecified.
